<?xml version="1.0" encoding="UTF-8" ?>

<!DOCTYPE mapper PUBLIC
        "-//mybatis.org//DTD Mapper 3.0//EN"
        "http://mybatis.org/dtd/mybatis-3-mapper.dtd">

<mapper namespace="com.eduedu.chanpin.dao.mybatis.mapper.QuestionMapper">

    <resultMap id="questionMap" type="Question">
        <id property="id" column="id"/>
        <result property="qcode" column="qcode"/>
        <result property="desc" column="q_desc"/>
        <result property="type" column="q_type"/>
        <result property="title" column="title"/>
        <result property="optiona" column="optiona"/>
        <result property="optionb" column="optionb"/>
        <result property="optionc" column="optionc"/>
        <result property="optiond" column="optiond"/>
        <result property="optione" column="optione"/>
        <result property="optionf" column="optionf"/>
        <result property="answer" column="answer"/>
        <result property="score" column="score"/>
        <result property="knowId" column="know_id"/>
        <result property="analysis" column="analysis"/>
        <result property="subjectId" column="subject_id"/>
        <association property="know" javaType="Know">
            <id property="id" column="know_id"/>
            <result property="title" column="k_title"/>
            <result property="kcode" column="kcode"/>
        </association>
    </resultMap>

    <select id="findQuestionBySubjectId" parameterType="long" resultMap="questionMap">
        SELECT
        q.id,
        q.qcode,
        q.q_desc,
        q.q_type,
        q.title,
        q.optiona,
        q.optionb,
        q.optionc,
        q.optiond,
        q.optione,
        q.optionf,
        q.optiong,
        q.answer,
        q.score,
        q.know_id,
        q.analysis,
        q.subject_id,
        k.title AS k_title,
        k.kcode
        FROM
        t_question AS q JOIN t_know AS k ON q.know_id = k.id
        WHERE q.subject_id = #{subjectId}
        ORDER BY q.id
    </select>

    <select id="findQuestionById" resultMap="questionMap" parameterType="long">
        SELECT q.id,q.qcode,q.q_desc,q.q_type,q.title,q.optiona,q.optionb,q.optionc,q.optiond,q.optione,q.optionf,q.optiong,q.answer,q.score,q.know_id,q.analysis,q.subject_id,k.title AS k_title FROM t_question AS q JOIN t_know AS k ON q.know_id = k.id
        WHERE q.id = #{id}
    </select>

    <select id="findById" resultType="Question" parameterType="long">
        SELECT q.id,q.qcode,q.q_desc,q.q_type,q.title,q.optiona,q.optionb,q.optionc,q.optiond,q.optione,q.optionf,q.optiong,q.answer,q.score,q.know_title as knowTitle,q.analysis,q.subject_id as subjectId FROM t_question AS q
        WHERE q.id = #{id}
    </select>
    <insert id="addQuestion" parameterType="Question" useGeneratedKeys="true" keyProperty="id">
        INSERT INTO t_question (qcode,q_desc,q_type,title,optiona,optionb,optionc,optiond,optione,optionf,optiong,answer,score,know_id,analysis,subject_id,know_title)
        VALUE(#{qcode},#{desc},#{type},#{title},#{optiona},#{optionb},#{optionc},#{optiond},#{optione},#{optionf},#{optiong},#{answer},#{score},#{knowId},#{analysis},#{subjectId},#{knowTitle})
    </insert>

    <update id="editQuestion" parameterType="Question">
        UPDATE t_question SET qcode = #{qcode},q_desc=#{desc},q_type=#{type},title=#{title},optiona=#{optiona},optionb=#{optionb},optionc=#{optionc},optiond=#{optiond},optione=#{optione},optionf=#{optionf},optiong=#{optiong},answer=#{answer},score=#{score},know_id=#{knowId},analysis=#{analysis},know_title = #{knowTitle} WHERE id = #{id}
    </update>

</mapper>
