<?xml version="1.0" encoding="UTF-8" ?>

<!DOCTYPE mapper PUBLIC
        "-//mybatis.org//DTD Mapper 3.0//EN"
        "http://mybatis.org/dtd/mybatis-3-mapper.dtd">

<mapper namespace="com.eduedu.chanpin.dao.mybatis.mapper.SubjectMapper">

    <sql id="allSubjectColumns">
        id,title,module,code,definition,requireRTE,requireAQ,add_time as addTime
    </sql>


    <select id="allSubject" resultType="com.eduedu.chanpin.domain.Subject">
        SELECT id,title,module,CODE,definition,requireRTE,requireAQ,add_time AS addTime FROM t_subject
    </select>

    <select id="findSubjectById" resultType="com.eduedu.chanpin.domain.Subject" parameterType="java.lang.Long">
        SELECT id,title,module,CODE,definition,requireRTE,requireAQ,add_time AS addTime FROM t_subject WHERE id = #{id}
    </select>

    <insert id="addSubject" parameterType="Subject" useGeneratedKeys="true" keyProperty="id">
        INSERT INTO t_subject (title,module,code,definition,requireRTE,requireAQ,add_time)
        VALUE(#{title},#{module},#{code},#{definition},#{requireRTE},#{requireAQ},#{addTime})
    </insert>

    <update id="editSubject" parameterType="Subject">
        UPDATE t_subject SET title = #{title},module = #{module},CODE = #{code},definition = #{definition},requireRTE = #{requireRTE},requireAQ = #{requireAQ} WHERE id = #{id}
    </update>
</mapper>
