<?xml version="1.0" encoding="UTF-8"?>
<beans xmlns="http://www.springframework.org/schema/beans"
       xmlns:xsi="http://www.w3.org/2001/XMLSchema-instance"
       xmlns:context="http://www.springframework.org/schema/context"
       xsi:schemaLocation="
            http://www.springframework.org/schema/beans
            http://www.springframework.org/schema/beans/spring-beans.xsd
            http://www.springframework.org/schema/context
            http://www.springframework.org/schema/context/spring-context.xsd">

    <context:property-override location="classpath:config/db.properties"/>

    <!-- Data Source using Druid. -->
    <bean id="dataSource" class="com.alibaba.druid.pool.DruidDataSource" init-method="init" destroy-method="close">
        <property name="driverClassName" value="com.mysql.jdbc.Driver" />
        <property name="url" value="jdbc:mysql://localhost:3306/toolkit?useUnicode=true&amp;characterEncoding=UTF-8"/>
        <property name="username" value="root"/>
        <property name="password" value="123456"/>
        <property name="maxActive" value="600"/>
        <property name="initialSize" value="1"/>
        <property name="maxWait" value="60000"/>
        <property name="minIdle" value="1"/>
        <property name="timeBetweenEvictionRunsMillis" value="60000"/>
        <property name="minEvictableIdleTimeMillis" value="300000"/>
        <property name="validationQuery" value="select NOW()"/>
        <property name="testWhileIdle" value="true"/>
        <property name="testOnBorrow" value="false"/>
        <property name="testOnReturn" value="false"/>
        <property name="poolPreparedStatements" value="true"/>
        <property name="maxOpenPreparedStatements" value="20"/>
    </bean>
</beans>
