<?xml version="1.0" encoding="UTF-8"?>
<beans xmlns="http://www.springframework.org/schema/beans"
       xmlns:xsi="http://www.w3.org/2001/XMLSchema-instance"
       xsi:schemaLocation="
            http://www.springframework.org/schema/beans
            http://www.springframework.org/schema/beans/spring-beans.xsd">

    <!-- 1. Data Source -->
    <import resource="classpath:config/data-source.xml"/>

    <!-- 2. SQL session factory -->
    <bean id="sqlSessionFactory" class="org.mybatis.spring.SqlSessionFactoryBean">
        <property name="dataSource" ref="dataSource" />
        <property name="mapperLocations" value="classpath:mybatis-mapper/**/*.xml" /> <!-- Mapper xml -->
        <property name="typeAliasesPackage" value="com.eduedu.chanpin.domain" />
    </bean>

    <!-- 3. Instantiate Mapper -->
    <bean class="org.mybatis.spring.mapper.MapperScannerConfigurer">
        <property name="basePackage" value="com.eduedu.chanpin.dao.mybatis.mapper" />
    </bean>
</beans>
