<beans xmlns="http://www.springframework.org/schema/beans"
       xmlns:xsi="http://www.w3.org/2001/XMLSchema-instance"
       xmlns:context="http://www.springframework.org/schema/context"
       xsi:schemaLocation="
       http://www.springframework.org/schema/beans
       http://www.springframework.org/schema/beans/spring-beans.xsd
       http://www.springframework.org/schema/context
       http://www.springframework.org/schema/context/spring-context.xsd">

    <context:property-override location="classpath:config/redis.properties"/>

    <context:annotation-config />

    <bean id="jedisPoolConfig" class="redis.clients.jedis.JedisPoolConfig"/>

    <bean id="jedisConnectionFactory" class="org.springframework.data.redis.connection.jedis.JedisConnectionFactory">
        <property name="hostName" value="localhost" />
        <property name="port" value="6379" />
        <property name="password" value="123456" />
        <property name="poolConfig" ref="jedisPoolConfig" />
        <property name="usePool" value="true" />
    </bean>

    <bean id="redisTemplate" class="org.springframework.data.redis.core.StringRedisTemplate">
        <property name="connectionFactory" ref="jedisConnectionFactory" />
    </bean>

    <!-- put session into redis -->
    <bean id="redisHttpSessionConfiguration"
          class="org.springframework.session.data.redis.config.annotation.web.http.RedisHttpSessionConfiguration">
        <property name="maxInactiveIntervalInSeconds" value="3600" />
    </bean>

</beans>