<?xml version="1.0" encoding="UTF-8"?>
<beans:beans
        xmlns="http://www.springframework.org/schema/security"
        xmlns:beans="http://www.springframework.org/schema/beans"
        xmlns:xsi="http://www.w3.org/2001/XMLSchema-instance"
        xsi:schemaLocation="http://www.springframework.org/schema/beans
            http://www.springframework.org/schema/beans/spring-beans.xsd
            http://www.springframework.org/schema/security
            http://www.springframework.org/schema/security/spring-security-4.2.xsd">

    <http auto-config="true" >

        <intercept-url pattern="/admin/**" access="hasRole('ADMIN')" />

        <form-login login-page="/loginForm"
            login-processing-url="/login"
            default-target-url="/defaultTarget"
            authentication-failure-url="/authFailure"
            username-parameter="username"
            password-parameter="password"/>

        <access-denied-handler error-page="/accessDenied" />
        <logout logout-url="/logout" logout-success-url="/successLogout" />

        <csrf disabled="true"/>

        <remember-me key="uniqueAndSecret" token-validity-seconds="2592000"/>

        <headers>
            <frame-options policy="SAMEORIGIN"/>
        </headers>

    </http>

    <beans:bean id="userService" class="com.eduedu.chanpin.service.AdministratorService" />

    <authentication-manager>
        <authentication-provider user-service-ref="userService" >
        </authentication-provider>
    </authentication-manager>

 </beans:beans>