<?xml version="1.0" encoding="UTF-8"?>
<beans xmlns="http://www.springframework.org/schema/beans"
       xmlns:xsi="http://www.w3.org/2001/XMLSchema-instance"
       xmlns:context="http://www.springframework.org/schema/context"
       xmlns:mvc="http://www.springframework.org/schema/mvc"
       xmlns:task="http://www.springframework.org/schema/task"

       xsi:schemaLocation="
       http://www.springframework.org/schema/beans
       http://www.springframework.org/schema/beans/spring-beans.xsd
       http://www.springframework.org/schema/context
       http://www.springframework.org/schema/context/spring-context.xsd
       http://www.springframework.org/schema/mvc
       http://www.springframework.org/schema/mvc/spring-mvc.xsd
       http://www.springframework.org/schema/task
       http://www.springframework.org/schema/task/spring-task.xsd">

    <!-- 自动扫描包，创建对象，放入容器 -->
    <context:component-scan base-package="com.eduedu.chanpin.controller" />
    <context:component-scan base-package="com.eduedu.chanpin.service" />

    <!-- 注解支持 -->
    <!-- 异步时返回的对象自动转为 json 格式 -->
    <mvc:annotation-driven>
        <!--enableMatrixVariables="true">-->
        <mvc:message-converters register-defaults="true">
            <!-- StringHttpMessageConverter 编码为UTF-8，防止乱码 -->
            <bean class="org.springframework.http.converter.StringHttpMessageConverter">
                <constructor-arg value="UTF-8"/>
                <property name="supportedMediaTypes">
                    <list>
                        <bean class="org.springframework.http.MediaType">
                            <constructor-arg index="0" value="text"/>
                            <constructor-arg index="1" value="plain"/>
                            <constructor-arg index="2" value="UTF-8"/>
                        </bean>
                        <bean class="org.springframework.http.MediaType">
                            <constructor-arg index="0" value="*"/>
                            <constructor-arg index="1" value="*"/>
                            <constructor-arg index="2" value="UTF-8"/>
                        </bean>
                    </list>
                </property>
            </bean>
            <!-- FastJson -->
            <bean class="com.alibaba.fastjson.support.spring.FastJsonHttpMessageConverter4">
                <property name="supportedMediaTypes">
                    <list>
                        <value>text/html;charset=UTF-8</value>
                        <value>application/json;charset=UTF-8</value>
                    </list>
                </property>
                <property name="fastJsonConfig">
                    <bean class="com.alibaba.fastjson.support.config.FastJsonConfig">
                        <property name="features">
                            <list>
                                <value>AllowArbitraryCommas</value>
                                <value>AllowUnQuotedFieldNames</value>
                                <value>DisableCircularReferenceDetect</value>
                            </list>
                        </property>
                        <property name="dateFormat" value="yyyy-MM-dd HH:mm:ss"/>
                    </bean>
                </property>
            </bean>
        </mvc:message-converters>
    </mvc:annotation-driven>

    <!-- Freemarker 视图解析器 -->
    <bean class="org.springframework.web.servlet.view.freemarker.FreeMarkerViewResolver">
        <property name="prefix" value=""/>
        <property name="order" value="0"/>
        <property name="cache" value="true"/>
        <property name="contentType" value="text/html; charset=UTF-8"/>
    </bean>

    <!-- Freemarker configuration -->
    <bean class="org.springframework.web.servlet.view.freemarker.FreeMarkerConfigurer">
        <property name="templateLoaderPath" value="/WEB-INF/view/freemarker/"/>
        <property name="freemarkerSettings">
            <props>
                <prop key="defaultEncoding">UTF-8</prop>
            </props>
        </property>
        <!-- 定义变量, 在模版里直接可以使用 -->
        <property name="freemarkerVariables">
            <map>
                <entry key="static" value=""/>
            </map>
        </property>
    </bean>

    <!-- ajax 跨域访问 -->
    <mvc:cors>
        <mvc:mapping path="/**" allowed-methods="*"/>
    </mvc:cors>

    <!-- Global exception handler, specific to handling uncaught exceptions -->
    <bean class="com.eduedu.chanpin.exception.XHandlerExceptionResolver" />

    <bean id="compositeExceptionResolver" class="org.springframework.web.servlet.handler.HandlerExceptionResolverComposite">
        <property name="exceptionResolvers">
            <list>
                <bean class="com.eduedu.chanpin.exception.XHandlerExceptionResolver"/>
            </list>
        </property>
        <property name="order" value="0"/>
    </bean>

    <!-- multipart 解析器，支持文件上传 -->
    <bean id="multipartResolver" class="org.springframework.web.multipart.commons.CommonsMultipartResolver"/>

    <!-- 静态资源访问映射 -->
    <mvc:resources mapping="/js/**"  location="/WEB-INF/static/js/"  cache-period="31556926"/>
    <mvc:resources mapping="/lib/**"  location="/WEB-INF/static/lib/"  cache-period="31556926"/>
    <mvc:resources mapping="/css/**" location="/WEB-INF/static/css/" cache-period="31556926"/>
    <mvc:resources mapping="/image/**" location="/WEB-INF/static/img/" cache-period="31556926"/>
    <mvc:resources mapping="/font/**" location="/WEB-INF/static/font/" cache-period="31556926"/>
    <!--<mvc:resources mapping="/courseImages/**" location="/WEB-INF/courseImage/" cache-period="31556926"/>-->
    <mvc:resources mapping="/semantic/**" location="/WEB-INF/static/semantic/" cache-period="31556926"/>

    <!-- 静态页面的映射 -->
    <mvc:view-controller path="/prompt" view-name="prompt-new.htm"/>

</beans>